P62683	1	M	Exposed	0.5	-0.4	0.0
P62683	2	G	Buried	0.44	-0.54	0.0
P62683	3	Q	Exposed	0.02	-1.32	0.0
P62683	4	T	Exposed	0.55	-1.86	0.0
P62683	5	K	Exposed	0.81	-2.56	0.0
P62683	6	S	Exposed	0.2	-0.96	0.0
P62683	7	K	Exposed	0.72	-1.6	0.0
P62683	8	I	Exposed	0.18	-0.98	0.0
P62683	9	K	Exposed	0.85	-1.6	0.0
P62683	10	S	Exposed	0.73	-1.08	0.0
P62683	11	K	Exposed	0.58	-1.62	0.0
P62683	12	Y	Buried	0.39	-1.0	0.0
P62683	13	A	Buried	0.12	-1.1	0.0
P62683	14	S	Buried	0.31	0.44	0.0
P62683	15	Y	Buried	0.91	0.54	0.0
P62683	16	L	Buried	0.94	0.74	0.0
P62683	17	S	Buried	0.01	1.8	0.0
P62683	18	F	Buried	0.83	1.28	0.0
P62683	19	I	Buried	0.99	1.42	0.0
P62683	20	K	Buried	0.49	2.34	0.0
P62683	21	I	Buried	0.44	2.54	0.0
P62683	22	L	Buried	0.96	0.86	0.0
P62683	23	L	Buried	0.93	0.74	0.0
P62683	24	K	Exposed	0.71	-0.24	0.0
P62683	25	R	Exposed	0.87	-1.08	0.0
P62683	26	G	Exposed	0.42	-1.0	0.0
P62683	27	G	Exposed	0.57	-1.0	0.0
P62683	28	V	Buried	0.78	0.74	0.0
P62683	29	K	Exposed	0.8	0.66	0.0
P62683	30	V	Buried	0.8	0.6	0.0
P62683	31	S	Exposed	0.61	-1.02	0.0
P62683	32	T	Exposed	0.17	-0.94	0.0
P62683	33	K	Exposed	0.9	-1.02	0.0
P62683	34	N	Exposed	0.03	0.04	0.0
P62683	35	L	Buried	0.99	-0.6	0.0
P62683	36	I	Buried	0.34	0.94	0.0
P62683	37	K	Exposed	0.84	2.2	0.0
P62683	38	L	Buried	0.98	0.74	0.0
P62683	39	F	Buried	0.98	0.74	0.0
P62683	40	Q	Exposed	0.31	2.42	0.0
P62683	41	I	Buried	0.66	0.96	0.0
P62683	42	I	Buried	0.98	-0.3	0.0
P62683	43	E	Buried	0.18	0.96	0.0
P62683	44	Q	Exposed	0.35	0.56	0.0
P62683	45	F	Buried	0.54	-0.66	0.0
P62683	46	C	Buried	0.88	-0.14	0.0
P62683	47	P	Buried	0.73	1.12	0.0
P62683	48	W	Buried	0.82	0.24	0.0
P62683	49	F	Buried	0.87	-0.96	0.0
P62683	50	P	Buried	0.46	-1.34	0.0
P62683	51	E	Exposed	0.6	-1.24	0.0
P62683	52	Q	Exposed	0.82	-1.94	0.0
P62683	53	G	Buried	0.28	-0.86	0.0
P62683	54	T	Exposed	0.02	-0.86	0.0
P62683	55	L	Buried	0.89	0.6	0.0
P62683	56	D	Exposed	0.45	-0.1	0.0
P62683	57	L	Buried	0.59	-0.66	0.0
P62683	58	K	Exposed	0.94	-1.6	0.0
P62683	59	D	Exposed	0.22	-1.68	0.0
P62683	60	W	Buried	0.95	-3.34	0.0
P62683	61	K	Exposed	0.92	-1.66	0.0
P62683	62	R	Exposed	0.87	-1.04	0.0
P62683	63	I	Buried	0.87	-1.64	0.0
P62683	64	G	Buried	0.3	-1.56	0.0
P62683	65	K	Exposed	0.92	0.1	0.0
P62683	66	E	Exposed	0.56	-1.58	0.0
P62683	67	L	Buried	0.95	-2.2	0.0
P62683	68	K	Exposed	0.72	-1.06	0.0
P62683	69	Q	Exposed	0.96	-0.44	0.0
P62683	70	A	Buried	0.18	-2.1	0.0
P62683	71	G	Exposed	0.19	-2.1	0.0
P62683	72	R	Exposed	0.8	-1.48	0.0
P62683	73	K	Exposed	0.97	-2.54	0.0
P62683	74	G	Exposed	0.58	-1.56	0.0
P62683	75	N	Exposed	0.79	0.24	0.0
P62683	76	I	Exposed	0.16	0.7	0.0
P62683	77	I	Buried	0.79	1.54	0.0
P62683	78	P	Buried	0.16	2.1	0.0
P62683	79	L	Buried	0.44	2.04	0.0
P62683	80	T	Exposed	0.05	0.96	0.0
P62683	81	V	Buried	0.88	0.58	0.0
P62683	82	W	Buried	0.8	-0.88	0.0
P62683	83	N	Buried	0.44	-0.92	0.0
P62683	84	D	Buried	0.83	-1.4	0.0
P62683	85	W	Buried	0.98	-0.32	0.0
P62683	86	A	Buried	0.65	1.28	0.0
P62683	87	I	Buried	0.84	1.2	0.0
P62683	88	I	Buried	1.0	1.74	0.0
P62683	89	K	Buried	0.43	1.74	0.0
P62683	90	A	Buried	0.23	1.6	0.0
P62683	91	A	Buried	0.98	-0.0	0.0
P62683	92	L	Buried	0.97	0.46	0.0
P62683	93	E	Exposed	0.44	0.66	0.0
P62683	94	P	Exposed	0.35	-0.4	0.0
P62683	95	F	Buried	0.52	-1.3	0.0
P62683	96	Q	Exposed	0.49	-1.3	0.0
P62683	97	T	Buried	0.03	-1.68	0.0
P62683	98	E	Exposed	0.67	-2.94	0.0
P62683	99	E	Exposed	0.84	-2.4	0.0
P62683	100	D	Exposed	0.74	-1.36	0.0
P62683	101	S	Exposed	0.21	-0.82	0.0
P62683	102	I	Buried	0.18	0.72	0.0
P62683	103	S	Exposed	0.63	1.26	0.0
P62683	104	V	Exposed	0.46	0.72	0.0
P62683	105	S	Exposed	0.52	0.18	0.0
P62683	106	D	Exposed	0.79	0.02	0.0
P62683	107	A	Exposed	0.42	-0.9	0.0
P62683	108	P	Exposed	0.71	-0.9	0.0
P62683	109	G	Exposed	0.66	0.3	0.0
P62683	110	S	Exposed	0.38	0.84	0.0
P62683	111	C	Buried	0.28	2.06	0.0
P62683	112	I	Exposed	0.06	1.44	0.0
P62683	113	I	Buried	0.31	2.1	0.0
P62683	114	D	Exposed	0.69	0.9	0.0
P62683	115	C	Buried	0.38	-0.7	0.0
P62683	116	N	Exposed	0.58	-2.3	0.0
P62683	117	E	Exposed	0.21	-1.74	0.0
P62683	118	N	Exposed	0.68	-3.14	0.0
P62683	119	T	Exposed	0.05	-3.22	0.0
P62683	120	R	Exposed	0.56	-3.3	0.0
P62683	121	K	Exposed	0.76	-2.76	0.0
P62683	122	K	Exposed	0.72	-3.32	0.0
P62683	123	S	Exposed	0.41	-3.2	0.0
P62683	124	Q	Exposed	0.81	-3.12	0.0
P62683	125	K	Exposed	0.84	-2.48	0.0
P62683	126	E	Exposed	0.73	-3.02	0.0
P62683	127	T	Exposed	0.66	-2.4	0.0
P62683	128	E	Exposed	0.64	-0.86	0.0
P62683	129	G	Exposed	0.43	-0.8	0.0
P62683	130	L	Exposed	0.13	-0.16	0.0
P62683	131	H	Exposed	0.4	-0.16	0.0
P62683	132	C	Buried	0.53	-0.34	0.0
P62683	133	E	Exposed	0.56	-0.74	0.0
P62683	134	Y	Exposed	0.21	0.26	0.0
P62683	135	A	Exposed	0.06	-0.94	0.0
P62683	136	A	Exposed	0.06	-0.56	0.0
P62683	137	E	Exposed	0.53	0.54	0.0
P62683	138	P	Exposed	0.34	0.56	0.0
P62683	139	V	Exposed	0.6	0.56	0.0
P62683	140	M	Exposed	0.23	0.56	0.0
P62683	141	A	Exposed	0.26	0.72	0.0
P62683	142	Q	Exposed	0.79	-0.26	0.0
P62683	143	S	Exposed	0.32	-1.34	0.0
P62683	144	T	Exposed	0.62	-2.4	0.0
P62683	145	Q	Exposed	0.77	-0.86	0.0
P62683	146	N	Exposed	0.68	-1.4	0.0
P62683	147	V	Exposed	0.28	-1.52	0.0
P62683	148	D	Exposed	0.76	-1.52	0.0
P62683	149	Y	Exposed	0.32	-1.52	0.0
P62683	150	N	Exposed	0.81	-1.6	0.0
P62683	151	Q	Exposed	0.74	-1.6	0.0
P62683	152	L	Buried	0.24	-2.04	0.0
P62683	153	Q	Exposed	0.65	-0.5	0.0
P62683	154	E	Exposed	0.85	1.1	0.0
P62683	155	V	Exposed	0.23	0.08	0.0
P62683	156	I	Buried	0.28	0.46	0.0
P62683	157	Y	Buried	0.16	0.46	0.0
P62683	158	P	Exposed	0.33	-0.52	0.0
P62683	159	E	Exposed	0.77	-0.66	0.0
P62683	160	T	Buried	0.14	-1.18	0.0
P62683	161	L	Buried	0.26	-0.1	0.0
P62683	162	K	Exposed	0.87	-0.1	0.0
P62683	163	L	Buried	0.3	-0.04	0.0
P62683	164	E	Exposed	0.61	-1.58	0.0
P62683	165	G	Exposed	0.59	-0.88	0.0
P62683	166	K	Exposed	0.89	-1.96	0.0
P62683	167	G	Exposed	0.1	-1.96	0.0
P62683	168	P	Exposed	0.41	-1.12	0.0
P62683	169	E	Exposed	0.81	0.5	0.0
P62683	170	L	Buried	0.22	0.5	0.0
P62683	171	V	Exposed	0.41	0.5	0.0
P62683	172	G	Exposed	0.39	1.04	0.0
P62683	173	P	Exposed	0.62	-0.42	0.0
P62683	174	S	Exposed	0.58	-1.42	0.0
P62683	175	E	Exposed	0.73	-2.12	0.0
P62683	176	S	Exposed	0.47	-2.12	0.0
P62683	177	K	Exposed	0.8	-2.86	0.0
P62683	178	P	Exposed	0.44	-2.24	0.0
P62683	179	R	Exposed	0.8	-2.22	0.0
P62683	180	G	Exposed	0.48	-1.6	0.0
P62683	181	T	Exposed	0.69	-1.6	0.0
P62683	182	S	Exposed	0.28	0.06	0.0
P62683	183	P	Exposed	0.72	-0.18	0.0
P62683	184	L	Buried	0.14	0.32	0.0
P62683	185	P	Exposed	0.31	0.4	0.0
P62683	186	A	Exposed	0.66	0.02	0.0
P62683	187	G	Exposed	0.36	0.1	0.0
P62683	188	Q	Exposed	0.75	0.1	0.0
P62683	189	V	Buried	0.48	0.58	0.0
P62683	190	P	Exposed	0.43	0.52	0.0
P62683	191	V	Exposed	0.37	1.98	0.0
P62683	192	T	Exposed	0.67	0.44	0.0
P62683	193	L	Buried	0.53	0.44	0.0
P62683	194	Q	Exposed	0.61	-1.1	0.0
P62683	195	P	Exposed	0.61	-1.1	0.0
P62683	196	Q	Exposed	0.63	-2.56	0.0
P62683	197	T	Exposed	0.64	-1.02	0.0
P62683	198	Q	Exposed	0.38	-1.48	0.0
P62683	199	V	Buried	0.43	-1.48	0.0
P62683	200	K	Exposed	0.74	-2.04	0.0
P62683	201	E	Exposed	0.7	-2.12	0.0
P62683	202	N	Exposed	0.66	-3.1	0.0
P62683	203	K	Exposed	0.57	-3.02	0.0
P62683	204	T	Exposed	0.63	-2.64	0.0
P62683	205	Q	Exposed	0.56	-2.26	0.0
P62683	206	P	Exposed	0.32	-0.64	0.0
P62683	207	P	Exposed	0.5	-0.14	0.0
P62683	208	V	Exposed	0.3	0.3	0.0
P62683	209	A	Buried	0.15	-0.08	0.0
P62683	210	Y	Buried	0.19	-0.02	0.0
P62683	211	Q	Exposed	0.33	-1.04	0.0
P62683	212	Y	Buried	0.07	-1.72	0.0
P62683	213	W	Buried	0.27	-1.78	0.0
P62683	214	P	Exposed	0.14	-0.72	0.0
P62683	215	P	Exposed	0.22	-1.16	0.0
P62683	216	A	Exposed	0.41	-0.22	0.0
P62683	217	E	Exposed	0.39	-0.6	0.0
P62683	218	L	Buried	0.38	-0.54	0.0
P62683	219	Q	Exposed	0.57	-1.8	0.0
P62683	220	Y	Exposed	0.21	-1.42	0.0
P62683	221	R	Exposed	0.59	-2.5	0.0
P62683	222	P	Exposed	0.34	-2.12	0.0
P62683	223	P	Exposed	0.08	-2.56	0.0
P62683	224	P	Exposed	0.04	-1.82	0.0
P62683	225	E	Exposed	0.68	-2.2	0.0
P62683	226	S	Exposed	0.41	-2.14	0.0
P62683	227	Q	Exposed	0.29	-1.9	0.0
P62683	228	Y	Exposed	0.16	-1.46	0.0
P62683	229	G	Exposed	0.21	-1.62	0.0
P62683	230	Y	Buried	0.43	-1.0	0.0
P62683	231	P	Exposed	0.33	-0.36	0.0
P62683	232	G	Exposed	0.36	-0.6	0.0
P62683	233	M	Buried	0.29	-0.66	0.0
P62683	234	P	Buried	0.09	0.02	0.0
P62683	235	P	Exposed	0.1	-0.22	0.0
P62683	236	A	Buried	0.2	-1.3	0.0
P62683	237	P	Exposed	0.13	-1.06	0.0
P62683	238	Q	Exposed	0.71	-1.64	0.0
P62683	239	G	Exposed	0.22	-1.64	0.0
P62683	240	R	Exposed	0.57	-1.64	0.0
P62683	241	A	Exposed	0.1	-1.2	0.0
P62683	242	P	Exposed	0.18	-1.44	0.0
P62683	243	Y	Buried	0.06	-1.24	0.0
P62683	244	P	Exposed	0.52	-1.92	0.0
P62683	245	Q	Exposed	0.44	-1.92	0.0
P62683	246	P	Exposed	0.12	-1.8	0.0
P62683	247	P	Exposed	0.36	-2.38	0.0
P62683	248	T	Exposed	0.44	-2.58	0.0
P62683	249	R	Exposed	0.63	-1.5	0.0
P62683	250	R	Exposed	0.71	-1.88	0.0
P62683	251	L	Buried	0.13	-2.06	0.0
P62683	252	N	Exposed	0.53	-1.3	0.0
P62683	253	P	Exposed	0.29	-0.04	0.0
P62683	254	T	Exposed	0.65	-1.12	0.0
P62683	255	A	Buried	0.22	-0.74	0.0
P62683	256	P	Exposed	0.04	-0.58	0.0
P62683	257	P	Exposed	0.09	-1.34	0.0
P62683	258	S	Exposed	0.27	-2.4	0.0
P62683	259	R	Exposed	0.39	-2.16	0.0
P62683	260	Q	Exposed	0.5	-2.0	0.0
P62683	261	G	Buried	0.07	-2.54	0.0
P62683	262	S	Buried	0.71	-0.88	0.0
P62683	263	E	Exposed	0.63	-0.82	0.0
P62683	264	L	Buried	0.88	-1.44	0.0
P62683	265	H	Buried	0.2	-0.38	0.0
P62683	266	E	Exposed	0.79	1.22	0.0
P62683	267	I	Buried	0.79	-0.24	0.0
P62683	268	I	Buried	0.91	-0.38	0.0
P62683	269	D	Exposed	0.61	0.16	0.0
P62683	270	K	Exposed	0.77	-1.64	0.0
P62683	271	S	Buried	0.83	-3.32	0.0
P62683	272	R	Exposed	0.02	-3.32	0.0
P62683	273	K	Exposed	0.95	-2.62	0.0
P62683	274	E	Exposed	0.88	-3.16	0.0
P62683	275	G	Exposed	0.71	-2.4	0.0
P62683	276	D	Exposed	0.54	-2.32	0.0
P62683	277	T	Exposed	0.33	-1.26	0.0
P62683	278	E	Exposed	0.38	-1.36	0.0
P62683	279	A	Buried	0.58	-1.36	0.0
P62683	280	W	Buried	0.77	-0.66	0.0
P62683	281	Q	Buried	0.84	-0.28	0.0
P62683	282	F	Buried	0.98	0.2	0.0
P62683	283	P	Buried	0.97	0.76	0.0
P62683	284	V	Buried	0.98	2.22	0.0
P62683	285	M	Buried	0.9	0.96	0.0
P62683	286	L	Buried	0.81	0.96	0.0
P62683	287	E	Buried	0.36	0.5	0.0
P62683	288	P	Buried	0.19	-0.2	0.0
P62683	289	M	Buried	0.33	-1.28	0.0
P62683	290	P	Exposed	0.21	-0.66	0.0
P62683	291	P	Exposed	0.57	-1.04	0.0
P62683	292	G	Exposed	0.45	-1.5	0.0
P62683	293	E	Exposed	0.65	-0.82	0.0
P62683	294	G	Exposed	0.34	-1.2	0.0
P62683	295	A	Exposed	0.4	-1.82	0.0
P62683	296	Q	Exposed	0.44	-1.2	0.0
P62683	297	E	Exposed	0.76	-1.82	0.0
P62683	298	G	Exposed	0.26	-2.5	0.0
P62683	299	E	Exposed	0.66	-2.12	0.0
P62683	300	P	Exposed	0.21	-1.56	0.0
P62683	301	P	Exposed	0.23	-0.64	0.0
P62683	302	T	Exposed	0.08	-0.64	0.0
P62683	303	V	Buried	0.56	0.04	0.0
P62683	304	E	Exposed	0.22	-0.54	0.04315
P62683	305	A	Buried	0.6	-0.66	0.1239
P62683	306	R	Exposed	0.19	-2.28	0.18604
P62683	307	Y	Buried	0.66	-1.74	0.2151
P62683	308	K	Exposed	0.24	-1.54	0.22333
P62683	309	S	Buried	0.45	-0.8	0.26472
P62683	310	F	Buried	0.96	0.36	0.28779
P62683	311	S	Buried	0.03	0.36	0.24483
P62683	312	I	Buried	0.79	0.9	0.23643
P62683	313	K	Exposed	0.77	1.1	0.24068
P62683	314	M	Buried	0.74	0.48	0.24212
P62683	315	L	Buried	0.99	-1.12	0.30875
P62683	316	K	Exposed	0.51	0.04	0.32951
P62683	317	D	Exposed	0.71	-1.12	0.31215
P62683	318	M	Buried	0.99	-2.58	0.33382
P62683	319	K	Buried	0.51	-1.88	0.28985
P62683	320	E	Exposed	0.96	-0.34	0.23652
P62683	321	G	Buried	0.4	-1.5	0.2638
P62683	322	V	Buried	0.92	-1.42	0.25294
P62683	323	K	Exposed	0.86	-0.98	0.18917
P62683	324	Q	Exposed	0.88	-0.98	0.20953
P62683	325	Y	Buried	0.24	-2.14	0.32942
P62683	326	G	Buried	0.64	-2.06	0.37144
P62683	327	P	Exposed	0.31	-1.52	0.27234
P62683	328	N	Exposed	0.65	-1.58	0.23945
P62683	329	S	Buried	0.9	-1.76	0.30141
P62683	330	P	Exposed	0.42	-1.06	0.30616
P62683	331	Y	Buried	0.56	-1.26	0.29432
P62683	332	M	Buried	0.97	-1.24	0.28586
P62683	333	R	Buried	0.3	-0.16	0.23025
P62683	334	T	Buried	0.16	0.86	0.21912
P62683	335	L	Buried	0.96	-0.22	0.29155
P62683	336	L	Buried	0.99	0.52	0.33822
P62683	337	D	Buried	0.35	1.56	0.28936
P62683	338	S	Buried	0.89	1.16	0.23942
P62683	339	I	Buried	0.97	-0.24	0.24092
P62683	340	A	Buried	0.93	0.38	0.20014
P62683	341	H	Buried	0.14	-0.1	0.15075
P62683	342	G	Buried	0.58	-1.9	0.14361
P62683	343	H	Buried	0.66	-1.5	0.13254
P62683	344	R	Buried	0.64	0.04	0.17976
P62683	345	L	Buried	0.96	-0.2	0.28144
P62683	346	I	Buried	0.95	0.18	0.359
P62683	347	P	Buried	0.89	0.38	0.34949
P62683	348	Y	Buried	0.47	-0.56	0.315
P62683	349	D	Buried	0.84	-2.16	0.39001
P62683	350	W	Buried	0.99	-0.94	0.36897
P62683	351	E	Buried	0.55	0.08	0.22117
P62683	352	I	Buried	0.65	1.14	0.2102
P62683	353	L	Buried	0.99	0.54	0.28834
P62683	354	A	Buried	1.0	1.08	0.29491
P62683	355	K	Buried	0.39	0.02	0.27474
P62683	356	S	Buried	0.97	0.02	0.27471
P62683	357	S	Buried	0.98	0.42	0.31825
P62683	358	L	Buried	0.98	0.88	0.3689
P62683	359	L	Buried	0.46	0.88	0.31257
P62683	360	P	Buried	0.22	0.34	0.25385
P62683	361	S	Exposed	0.02	0.14	0.28011
P62683	362	Q	Buried	0.65	0.14	0.30139
P62683	363	F	Buried	0.85	-0.24	0.29619
P62683	364	L	Buried	0.61	0.48	0.29135
P62683	365	Q	Exposed	0.38	0.4	0.31099
P62683	366	F	Buried	0.95	-0.3	0.32644
P62683	367	K	Buried	0.31	-1.24	0.2764
P62683	368	T	Buried	0.35	-0.72	0.22092
P62683	369	W	Exposed	0.21	-0.38	0.22416
P62683	370	W	Buried	0.95	-0.3	0.21823
P62683	371	I	Buried	0.82	-0.24	0.19813
P62683	372	D	Exposed	0.8	0.78	0.20679
P62683	373	G	Buried	0.77	0.26	0.20938
P62683	374	V	Buried	0.98	-1.34	0.20676
P62683	375	Q	Exposed	0.2	-1.34	0.17762
P62683	376	E	Exposed	0.71	-0.42	0.1526
P62683	377	Q	Buried	0.8	-1.96	0.19862
P62683	378	V	Buried	0.89	-2.16	0.22427
P62683	379	Q	Exposed	0.77	-2.16	0.1653
P62683	380	R	Exposed	0.87	-2.36	0.17092
P62683	381	N	Buried	0.56	-2.84	0.22838
P62683	382	R	Exposed	0.4	-1.78	0.19476
P62683	383	A	Exposed	0.19	-1.58	0.15463
P62683	384	A	Exposed	0.46	-1.2	0.16089
P62683	385	N	Exposed	0.51	-0.62	0.17293
P62683	386	P	Exposed	0.18	-0.14	0.17505
P62683	387	P	Exposed	0.62	-1.2	0.15944
P62683	388	V	Buried	0.15	0.4	0.14163
P62683	389	N	Exposed	0.41	0.02	0.15051
P62683	390	I	Buried	0.7	0.7	0.18472
P62683	391	D	Exposed	0.1	-0.84	0.19013
P62683	392	A	Buried	0.7	-0.84	0.18641
P62683	393	D	Buried	0.07	-0.98	0.21979
P62683	394	Q	Buried	0.51	0.48	0.28075
P62683	395	L	Buried	0.87	0.04	0.31074
P62683	396	L	Buried	0.46	1.64	0.31611
P62683	397	G	Buried	0.35	2.26	0.32546
P62683	398	I	Exposed	0.2	0.8	0.28865
P62683	399	G	Buried	0.4	-0.66	0.26242
P62683	400	Q	Exposed	0.16	-0.76	0.233
P62683	401	N	Exposed	0.16	-1.82	0.19433
P62683	402	W	Buried	0.71	-1.88	0.18571
P62683	403	S	Exposed	0.03	-0.28	0.16805
P62683	404	T	Exposed	0.37	0.26	0.15424
P62683	405	I	Buried	0.54	-0.26	0.15242
P62683	406	S	Exposed	0.03	-0.8	0.15734
P62683	407	Q	Exposed	0.11	-0.3	0.21918
P62683	408	Q	Buried	0.51	-0.44	0.27543
P62683	409	A	Buried	0.62	0.1	0.21617
P62683	410	L	Buried	0.02	0.1	0.16183
P62683	411	M	Buried	0.71	0.1	0.18648
P62683	412	Q	Buried	0.19	-0.96	0.19654
P62683	413	N	Buried	0.12	-1.36	0.1662
P62683	414	E	Exposed	0.22	-0.84	0.16574
P62683	415	A	Buried	0.94	-0.84	0.21905
P62683	416	I	Buried	0.99	-0.84	0.22574
P62683	417	E	Exposed	0.03	0.7	0.20867
P62683	418	Q	Buried	0.66	-0.56	0.25928
P62683	419	V	Buried	1.0	-1.1	0.25339
P62683	420	R	Buried	0.8	0.5	0.17494
P62683	421	A	Buried	0.2	1.7	0.16342
P62683	422	I	Buried	0.96	1.62	0.23138
P62683	423	C	Buried	1.0	1.62	0.2754
P62683	424	L	Buried	0.76	1.62	0.2377
P62683	425	R	Exposed	0.28	0.54	0.25688
P62683	426	A	Buried	0.97	-0.66	0.34994
P62683	427	W	Buried	0.97	-2.2	0.32804
P62683	428	E	Exposed	0.72	-0.4	0.22486
P62683	429	K	Exposed	0.71	-1.46	0.19923
P62683	430	I	Buried	0.72	-1.98	0.24351
P62683	431	Q	Exposed	0.24	-1.6	0.2401
P62683	432	D	Exposed	0.64	-0.9	0.17469
P62683	433	P	Exposed	0.77	-1.96	0.16565
P62683	434	G	Exposed	0.39	-1.4	0.18347
P62683	435	S	Buried	0.01	-0.2	0.15086
P62683	436	T	Exposed	0.73	-0.2	0.12704
P62683	437	C	Buried	0.58	-0.28	0.12938
P62683	438	P	Exposed	0.4	0.44	0.13971
P62683	439	S	Exposed	0.42	-0.12	0.20529
P62683	440	F	Buried	0.86	-0.76	0.26433
P62683	441	N	Buried	0.45	0.4	0.2356
P62683	442	T	Exposed	0.48	-0.34	0.25458
P62683	443	V	Buried	0.72	-1.6	0.2972
P62683	444	R	Exposed	0.55	-1.06	0.35125
P62683	445	Q	Buried	0.82	-1.08	0.46177
P62683	446	S	Exposed	0.58	-2.7	0.42285
P62683	447	S	Exposed	0.69	-2.5	0.28684
P62683	448	K	Exposed	0.96	-2.12	0.32999
P62683	449	E	Buried	0.86	-2.22	0.45173
P62683	450	P	Exposed	0.2	-2.38	0.40816
P62683	451	Y	Buried	0.95	-2.3	0.29726
P62683	452	P	Buried	0.0	-1.04	0.2367
P62683	453	D	Exposed	0.46	0.12	0.32022
P62683	454	F	Buried	0.97	0.74	0.45476
P62683	455	V	Buried	0.98	0.16	0.38519
P62683	456	A	Buried	0.23	1.62	0.31106
P62683	457	R	Buried	0.37	0.36	0.41555
P62683	458	L	Buried	0.99	-1.18	0.41483
P62683	459	Q	Buried	0.63	-0.7	0.2541
P62683	460	D	Exposed	0.57	0.56	0.22829
P62683	461	V	Buried	0.95	-0.9	0.29359
P62683	462	A	Buried	0.98	-0.98	0.25826
P62683	463	Q	Exposed	0.68	-0.44	0.20781
P62683	464	K	Exposed	0.78	-0.38	0.19454
P62683	465	S	Buried	0.83	-0.38	0.16163
P62683	466	I	Exposed	0.3	-0.38	0.15156
P62683	467	A	Buried	0.1	-0.3	0.16796
P62683	468	D	Exposed	0.61	-0.92	0.17001
P62683	469	E	Exposed	0.78	-1.46	0.16954
P62683	470	K	Exposed	0.87	-2.72	0.18198
P62683	471	A	Buried	0.89	-2.8	0.18487
P62683	472	R	Buried	0.29	-1.26	0.15425
P62683	473	K	Exposed	0.63	0.42	0.1206
P62683	474	V	Buried	0.64	0.9	0.15238
P62683	475	I	Buried	0.93	1.1	0.23374
P62683	476	V	Buried	0.93	2.64	0.25332
P62683	477	E	Buried	0.14	2.18	0.22156
P62683	478	L	Buried	0.78	1.64	0.24873
P62683	479	M	Buried	0.93	0.54	0.32253
P62683	480	A	Buried	0.94	0.54	0.31422
P62683	481	Y	Buried	0.71	-0.92	0.26412
P62683	482	E	Buried	0.26	-0.94	0.28793
P62683	483	N	Buried	0.66	-2.0	0.32767
P62683	484	A	Buried	0.86	-2.06	0.33513
P62683	485	N	Buried	0.61	-2.06	0.29048
P62683	486	P	Exposed	0.82	-0.86	0.2064
P62683	487	E	Exposed	0.87	-1.92	0.21631
P62683	488	C	Buried	0.99	-1.38	0.30799
P62683	489	Q	Buried	0.59	-0.7	0.30314
P62683	490	S	Exposed	0.75	0.9	0.23431
P62683	491	A	Buried	0.6	-0.38	0.26672
P62683	492	I	Buried	0.96	0.0	0.31244
P62683	493	K	Exposed	0.44	0.92	0.26538
P62683	494	P	Exposed	0.76	-0.22	0.21488
P62683	495	L	Buried	0.48	-1.2	0.19446
P62683	496	K	Exposed	0.81	-1.2	0.18466
P62683	497	G	Exposed	0.71	-0.04	0.17938
P62683	498	K	Exposed	0.87	-1.12	0.13816
P62683	499	V	Buried	0.06	0.02	0.05027
P62683	500	P	Exposed	0.56	0.02	0.0
P62683	501	A	Exposed	0.52	0.64	0.0
P62683	502	G	Exposed	0.42	-0.9	0.0
P62683	503	S	Exposed	0.48	0.26	0.04638
P62683	504	D	Exposed	0.47	0.8	0.14514
P62683	505	V	Buried	0.1	0.72	0.2477
P62683	506	I	Buried	0.93	0.18	0.27728
P62683	507	S	Exposed	0.28	0.62	0.22202
P62683	508	E	Exposed	0.82	0.62	0.21329
P62683	509	Y	Buried	0.92	-1.06	0.25558
P62683	510	V	Buried	0.95	-0.54	0.2785
P62683	511	K	Exposed	0.91	0.66	0.25516
P62683	512	A	Buried	0.48	0.22	0.2566
P62683	513	C	Buried	0.99	-0.7	0.27902
P62683	514	D	Exposed	0.68	0.98	0.2235
P62683	515	G	Exposed	0.76	0.54	0.20821
P62683	516	I	Buried	0.48	-0.04	0.25047
P62683	517	G	Buried	0.43	1.02	0.23153
P62683	518	G	Exposed	0.19	1.48	0.17911
P62683	519	A	Buried	0.5	-0.06	0.14055
P62683	520	M	Exposed	0.35	-0.76	0.11256
P62683	521	H	Exposed	0.63	-0.32	0.12599
P62683	522	K	Exposed	0.56	-0.3	0.17401
P62683	523	A	Buried	0.86	0.08	0.17592
P62683	524	M	Exposed	0.31	1.1	0.15111
P62683	525	L	Exposed	0.1	2.24	0.16907
P62683	526	M	Buried	0.78	1.18	0.21906
P62683	527	A	Buried	0.71	1.16	0.24924
P62683	528	Q	Exposed	0.4	1.3	0.24162
P62683	529	A	Buried	0.43	0.78	0.22613
P62683	530	I	Buried	0.37	0.34	0.20009
P62683	531	T	Exposed	0.11	1.88	0.18014
P62683	532	G	Exposed	0.23	2.36	0.17797
P62683	533	V	Exposed	0.14	2.22	0.16425
P62683	534	V	Exposed	0.23	2.28	0.14762
P62683	535	L	Exposed	0.38	2.28	0.14214
P62683	536	G	Exposed	0.45	0.74	0.14777
P62683	537	G	Exposed	0.31	0.74	0.15108
P62683	538	Q	Exposed	0.53	-0.92	0.14712
P62683	539	V	Exposed	0.47	-0.98	0.15442
P62683	540	R	Exposed	0.54	-0.34	0.16405
P62683	541	T	Exposed	0.52	0.28	0.15425
P62683	542	F	Exposed	0.4	-0.64	0.14245
P62683	543	G	Exposed	0.42	-0.52	0.14509
P62683	544	G	Exposed	0.19	0.12	0.14765
P62683	545	K	Exposed	0.59	-0.7	0.22788
P62683	546	C	Buried	0.31	-1.32	0.34751
P62683	547	Y	Buried	0.31	-0.74	0.3045
P62683	548	N	Buried	0.17	-0.04	0.26475
P62683	549	C	Buried	0.45	-1.24	0.36109
P62683	550	G	Buried	0.11	-0.08	0.35387
P62683	551	Q	Exposed	0.45	0.54	0.23097
P62683	552	I	Exposed	0.44	-0.6	0.21393
P62683	553	G	Buried	0.0	0.24	0.336
P62683	554	H	Buried	0.59	0.16	0.36004
P62683	555	L	Buried	0.43	-1.52	0.2449
P62683	556	K	Exposed	0.04	-2.14	0.19902
P62683	557	K	Exposed	0.51	-1.0	0.21199
P62683	558	N	Exposed	0.66	-2.08	0.26564
P62683	559	C	Buried	0.59	-0.46	0.34759
P62683	560	P	Exposed	0.04	1.08	0.29982
P62683	561	V	Exposed	0.04	1.08	0.19464
P62683	562	L	Buried	0.02	-0.2	0.17059
P62683	563	N	Exposed	0.57	-0.58	0.17807
P62683	564	K	Exposed	0.55	-2.12	0.17865
P62683	565	Q	Exposed	0.83	-1.98	0.13383
P62683	566	N	Exposed	0.67	-1.42	0.04453
P62683	567	I	Exposed	0.27	0.26	0.0
P62683	568	T	Exposed	0.61	0.26	0.0
P62683	569	I	Exposed	0.28	1.32	0.0
P62683	570	Q	Exposed	0.54	0.28	0.0
P62683	571	A	Exposed	0.45	0.28	0.0
P62683	572	T	Exposed	0.58	-0.76	0.0
P62683	573	T	Exposed	0.59	-0.14	0.0
P62683	574	T	Exposed	0.65	-1.4	0.0
P62683	575	G	Exposed	0.5	-1.96	0.0
P62683	576	R	Exposed	0.49	-2.14	0.0
P62683	577	E	Exposed	0.74	-2.32	0.0
P62683	578	P	Buried	0.08	-2.94	0.0
P62683	579	P	Exposed	0.19	-1.28	0.0
P62683	580	D	Exposed	0.69	-0.08	0.0
P62683	581	L	Exposed	0.01	-0.08	0.09639
P62683	582	C	Buried	0.51	-0.66	0.25035
P62683	583	P	Exposed	0.19	0.54	0.26907
P62683	584	R	Exposed	0.66	-1.0	0.26974
P62683	585	C	Buried	0.42	-2.28	0.30822
P62683	586	K	Exposed	0.89	-2.04	0.27693
P62683	587	K	Exposed	0.48	-1.92	0.2525
P62683	588	G	Exposed	0.48	-3.06	0.24139
P62683	589	K	Exposed	0.92	-2.46	0.25638
P62683	590	H	Buried	0.48	-1.32	0.30258
P62683	591	W	Buried	0.78	-1.4	0.28652
P62683	592	A	Buried	0.78	-1.32	0.24477
P62683	593	S	Exposed	0.18	-0.18	0.21954
P62683	594	Q	Exposed	0.3	-0.9	0.24621
P62683	595	C	Buried	0.65	-1.42	0.29752
P62683	596	R	Exposed	0.19	-2.04	0.27829
P62683	597	S	Exposed	0.13	-0.78	0.24333
P62683	598	K	Exposed	0.36	-1.98	0.22137
P62683	599	F	Exposed	0.09	-1.86	0.14841
P62683	600	D	Exposed	0.58	-2.4	0.04624
P62683	601	K	Exposed	0.76	-1.7	0.0
P62683	602	N	Exposed	0.83	-2.96	0.0
P62683	603	G	Exposed	0.36	-2.58	0.0
P62683	604	Q	Exposed	0.49	-1.04	0.0
P62683	605	P	Exposed	0.33	-0.5	0.0
P62683	606	L	Buried	0.06	-0.5	0.0
P62683	607	S	Exposed	0.54	-0.5	0.0
P62683	608	G	Exposed	0.5	-0.88	0.0
P62683	609	N	Exposed	0.14	-2.34	0.0
P62683	610	E	Exposed	0.54	-3.08	0.0
P62683	611	Q	Exposed	0.63	-3.08	0.0
P62683	612	R	Exposed	0.36	-3.08	0.0
P62683	613	G	Exposed	0.15	-2.7	0.0
P62683	614	Q	Exposed	0.13	-2.7	0.0
P62683	615	P	Exposed	0.25	-1.44	0.0
P62683	616	Q	Exposed	0.26	-1.68	0.0
P62683	617	A	Buried	0.48	-1.68	0.0
P62683	618	P	Buried	0.07	-2.06	0.0
P62683	619	Q	Exposed	0.39	-1.5	0.0
P62683	620	Q	Exposed	0.31	-1.94	0.0
P62683	621	T	Exposed	0.05	-1.26	0.0
P62683	622	G	Buried	0.29	-0.0	0.0
P62683	623	A	Buried	0.44	0.38	0.0
P62683	624	F	Buried	0.62	1.42	0.0
P62683	625	P	Exposed	0.26	0.8	0.0
P62683	626	I	Buried	0.19	0.12	0.0
P62683	627	Q	Buried	0.12	0.12	0.0
P62683	628	P	Exposed	0.35	1.28	0.0
P62683	629	F	Buried	0.23	0.06	0.0
P62683	630	V	Buried	0.34	0.06	0.0
P62683	631	P	Buried	0.14	0.3	0.0
P62683	632	Q	Exposed	0.71	0.3	0.0
P62683	633	G	Exposed	0.45	-1.24	0.0
P62683	634	F	Exposed	0.39	-1.0	0.0
P62683	635	Q	Exposed	0.82	-1.0	0.0
P62683	636	G	Exposed	0.65	-1.62	0.0
P62683	637	Q	Exposed	0.91	-2.5	0.0
P62683	638	Q	Exposed	0.83	-2.12	0.0
P62683	639	P	Exposed	0.77	-1.28	0.0
P62683	640	P	Exposed	0.44	-0.74	0.0
P62683	641	L	Exposed	0.36	-0.74	0.0
P62683	642	S	Exposed	0.1	0.42	0.0
P62683	643	Q	Exposed	0.77	1.3	0.0
P62683	644	V	Buried	0.07	-0.16	0.0
P62683	645	F	Buried	0.07	-0.08	0.0
P62683	646	Q	Exposed	0.89	1.52	0.0
P62683	647	G	Exposed	0.52	0.52	0.0
P62683	648	I	Exposed	0.02	-0.74	0.0
P62683	649	S	Exposed	0.38	0.72	0.0
P62683	650	Q	Exposed	0.8	0.48	0.0
P62683	651	L	Buried	0.26	-1.12	0.0
P62683	652	P	Exposed	0.3	-1.22	0.0
P62683	653	Q	Exposed	0.84	-1.22	0.0
P62683	654	Y	Buried	0.26	-2.68	0.0
P62683	655	N	Exposed	0.68	-1.86	0.0
P62683	656	N	Exposed	0.24	-1.48	0.0
P62683	657	C	Buried	0.52	-1.54	0.0
P62683	658	P	Buried	0.04	-1.16	0.0
P62683	659	P	Exposed	0.25	-1.16	0.0
P62683	660	P	Buried	0.24	-1.3	0.0
P62683	661	Q	Exposed	0.73	-0.62	0.0
P62683	662	A	Exposed	0.7	0.54	0.0
P62683	663	A	Buried	0.04	0.16	0.0
P62683	664	V	Exposed	0.25	0.16	0.0
P62683	665	Q	Exposed	0.86	-0.2	0.0
P62683	666	Q	Exposed	0.97	-0.56	0.0
